meanI,meanJ,taoI,taoJ,kontras,Energy,Homogenitas,Correlation,Class
13.99193302,13.99284266,46.98566366,46.98692188,8.167709704,0.840433049,0.997924765,0.998150187,1
15.57529501,15.57498981,46.66346128,46.66287029,10.31782473,0.808375871,0.995752012,0.997630756,1
21.71953274,21.70692602,56.15177823,56.13393029,37.91458992,0.75221203,0.990237233,0.993985744,1
57.05385327,57.06005418,85.47288803,85.47595745,33.92440775,0.475696944,0.980420102,0.997678283,1
52.49865238,52.50650115,82.27182003,82.27388561,42.69147354,0.49813526,0.978932522,0.996846467,1
58.15433861,58.13636018,82.41711399,82.40499636,31.48083504,0.435796461,0.977628992,0.997682398,1
19.68683818,19.69967357,57.84263996,57.86178599,25.91929996,0.798825599,0.994517496,0.996127919,1
33.18717813,33.17660372,68.7595466,68.74933791,54.40595809,0.650536964,0.986768214,0.994245425,1
19.52797362,19.52797362,61.13462555,61.13462555,55.69099898,0.821519369,0.993852053,0.992549584,1
21.53979376,21.53979376,63.55061133,63.55061133,58.95671541,0.802921256,0.993637565,0.992700992,1
24.20860442,24.20860442,56.73647268,56.73647268,35.40383567,0.710794174,0.989339666,0.994500849,1
26.13705502,26.12606347,60.98042045,60.96687289,22.41717325,0.706007024,0.989849893,0.996985185,1
28.6390174,28.65151486,64.78584052,64.80245026,9.688940727,0.687350305,0.99062795,0.998846134,1
33.85552594,33.84344604,66.78465913,66.77075971,10.88139348,0.622512491,0.988354502,0.998779949,1
23.99997468,24.01092285,62.46654979,62.47980653,49.42812215,0.756991896,0.988362111,0.993667804,1
23.01350375,23.00152279,65.97350011,65.95848042,77.02798894,0.792061927,0.99484478,0.991149327,1
69.68350776,69.6929876,87.13489712,87.13852342,44.55729861,0.37355892,0.982124373,0.997065828,1
64.36460461,64.36062844,86.29840971,86.29596133,39.77965501,0.411940962,0.981771565,0.997329224,1
35.41794501,35.42600125,72.40112688,72.40917305,30.37604055,0.646410126,0.981647671,0.997102921,1
23.02243742,23.01483667,59.80835382,59.7971764,40.88385452,0.754388255,0.988137222,0.994284195,1
33.69313846,33.70757713,69.92344024,69.93798678,29.72283963,0.654126141,0.986513884,0.996961087,1
39.79795309,39.78752127,83.54578772,83.53782954,57.16733069,0.662349218,0.991028828,0.995904482,1
41.57513483,41.56584041,73.98343143,73.97406348,33.05905411,0.566726185,0.978152674,0.996979741,1
39.31677872,39.32411447,72.66159613,72.66896277,30.82359467,0.593009593,0.985724978,0.997081243,1
34.25695719,34.27847607,71.91302203,71.93259131,36.90999305,0.662432118,0.988261004,0.996432444,1
2.396704379,2.398099468,21.21558987,21.22219422,18.98993523,0.974328495,0.998514052,0.978911434,1
1.942268289,1.941642194,19.48883617,19.48602847,11.36837728,0.980121539,0.998787205,0.985032167,1
0.364478423,0.364478423,8.145124112,8.145124112,2.260411598,0.99593719,0.999861492,0.982964216,1
67.48567323,67.47775625,51.17860455,51.17981159,0.604932321,0.021804783,0.941739611,0.999884537,1
62.73574598,62.75579142,98.4951756,98.50463009,55.72338302,0.505397538,0.989640227,0.997128346,1
59.0724453,59.04719539,89.71542966,89.70024862,33.13743242,0.482037952,0.985171185,0.997941188,1
52.37714081,52.39065516,81.97243822,81.98102911,42.61890341,0.497268292,0.976381215,0.996829057,1
40.28475324,40.27576549,74.85009798,74.84247084,34.78319331,0.594011864,0.983131985,0.99689546,1
33.33598732,33.33598732,62.83695628,62.83695628,39.2074996,0.60583469,0.985398179,0.995035119,1
50.3774882,50.36412925,72.89252987,72.8833032,27.33679671,0.449345143,0.979865012,0.997427222,1
59.40308132,59.42124404,89.3320755,89.34326587,56.48496164,0.473922565,0.982690436,0.996461411,1
50.26499359,50.25123093,81.0918148,81.08311128,34.74374867,0.517168746,0.979742156,0.997357981,1
39.56391487,39.57775723,75.35406542,75.36579751,32.70797186,0.610005263,0.982735151,0.99712036,1
31.56623961,31.55858086,68.65636156,68.6482784,50.82575267,0.677770565,0.982156572,0.994608094,1
66.08979812,66.10744946,85.37200126,85.3812473,26.06589969,0.38152718,0.970016715,0.998212039,1
50.9274077,50.93582542,77.17829796,77.18468835,33.94868595,0.482208637,0.984409894,0.997150523,1
46.4071197,46.39983267,75.13966584,75.13338298,30.87956747,0.518200592,0.983696798,0.997265124,1
44.96240966,44.97650631,74.20165792,74.21281763,18.97142955,0.527038565,0.982765543,0.998277457,1
41.53663274,41.55919565,80.65157773,80.67084583,32.08333454,0.620391371,0.988164012,0.997534482,1
43.26821439,43.25218624,80.39062866,80.38249164,39.22543693,0.598584071,0.986059905,0.99696494,1
10.07505067,10.06294976,43.3723045,43.34437314,21.6254856,0.898510047,0.996136197,0.99424862,1
50.41568562,50.39874908,81.34645011,81.33559695,30.50095904,0.516128554,0.982882072,0.997695066,1
18.87028378,18.85279767,58.17991493,58.15185712,40.55764471,0.813530277,0.994297994,0.994006309,1
23.50628422,23.50628422,63.0547187,63.0547187,43.18021782,0.768920013,0.987275755,0.994569752,1
36.19006732,36.19863074,75.84298178,75.8520096,49.69748197,0.657907692,0.987891773,0.995680629,1
32.32282108,32.3164324,69.45928459,69.45234451,46.79138877,0.669024548,0.986472003,0.995150266,1
30.60330472,30.61202175,67.16453641,67.17544293,37.05261038,0.677106416,0.986971918,0.995893839,1
31.76545835,31.7529209,68.46137772,68.4483629,34.81698256,0.671206032,0.986865325,0.996285089,1
32.53575985,32.54559986,70.93236526,70.94109441,42.12080207,0.680995523,0.98689189,0.995814739,1
25.30107881,25.28800329,63.64916185,63.63453662,51.7720484,0.743630988,0.988844585,0.993608886,1
18.9888691,19.0096621,56.27895218,56.31623901,37.09059939,0.803700791,0.991028579,0.994148963,1
7.58964908,7.577322152,36.43415474,36.4068466,16.05764008,0.917931149,0.995619828,0.993947488,1
3.207810759,3.209834543,24.32459195,24.33177327,16.77426924,0.965501524,0.998202553,0.98582925,1
8.529804036,8.527062697,38.57675405,38.57046509,31.73910587,0.906897039,0.995536787,0.989334444,1
29.4230372,29.43462458,67.84587581,67.85890724,49.18389787,0.7039845,0.986908586,0.99465854,1
23.91856692,23.91144247,63.03554849,63.02552449,39.30072404,0.760455306,0.990133052,0.995053855,1
33.25241144,33.26112259,69.45023307,69.46095233,28.3205759,0.65356706,0.987079185,0.997064685,1
32.10408633,32.09565729,69.21926963,69.20915548,20.70120354,0.669256636,0.98614317,0.997839415,1
16.15115028,16.14442161,48.01528151,48.00360638,15.38337427,0.802773355,0.994115824,0.996662947,1
6.84409165,6.84409165,34.1163802,34.1163802,14.97797229,0.923197345,0.99637771,0.993565762,1
4.358722015,4.359285892,27.89458737,27.89687224,16.17882719,0.952202325,0.996339034,0.989604594,1
44.1585749,44.1585749,81.64326015,81.64326015,39.41367464,0.594222717,0.980172017,0.997043511,1
32.55074021,32.56105777,64.92232914,64.93378931,18.73171099,0.633500606,0.984159737,0.997778343,1
49.36937396,49.35301761,88.30784089,88.29758077,69.12028746,0.578303753,0.988744001,0.995567741,1
42.60254761,42.59189106,76.85034262,76.8436353,58.76843323,0.583508756,0.984072166,0.995024242,1
37.93768846,37.95512188,77.51170027,77.53060203,68.39101255,0.643427315,0.984803802,0.994309841,1
50.74524358,50.72576434,86.2975094,86.2830912,59.07708128,0.5461298,0.979928042,0.996033013,1
33.79480421,33.77709814,72.26669779,72.24975096,38.42641642,0.664928188,0.986995062,0.996320248,1
31.80084457,31.80096425,63.1906972,63.19079615,30.84672983,0.633751872,0.987173395,0.996137467,1
28.20178416,28.19983962,60.91795546,60.91574234,30.15927725,0.67683484,0.986781666,0.995936353,1
41.93816487,41.92173278,74.55538179,74.54271499,32.17443986,0.570293921,0.98280705,0.997105384,1
27.73120338,27.74248291,62.08330569,62.09570082,16.47250464,0.690587464,0.987861679,0.997863584,1
34.88781854,34.8760704,65.09522901,65.08739453,24.27022088,0.601769873,0.983304752,0.997135861,1
38.52615581,38.52615581,79.85805634,79.85805634,68.42583255,0.657361482,0.989982914,0.994635211,1
54.85569594,54.85714936,82.02074633,82.02111469,44.00323267,0.473556827,0.987088584,0.996729568,1
14.00410814,14.01145929,52.05321003,52.06492724,56.17085445,0.867471164,0.99582149,0.98963697,1
16.46700679,16.46091688,57.18473953,57.17589892,61.34176626,0.850873463,0.996134905,0.990619363,1
15.44912221,15.45659955,55.18410286,55.19521902,61.34882505,0.857933245,0.996052681,0.989929303,1
17.23827854,17.23205683,59.2291404,59.21992711,68.60891855,0.848417336,0.99681295,0.990219828,1
5.589626505,5.597971463,32.63345157,32.65835189,39.21106984,0.942617158,0.998108661,0.981604407,1
5.525478699,5.52064497,32.07795854,32.06648379,34.70512025,0.941543491,0.99806968,0.983130448,1
27.86056512,27.88612262,67.51410712,67.54970637,29.67739928,0.725559003,0.99238436,0.996746508,1
35.71804793,35.70829192,69.38056566,69.37025737,26.47191518,0.617793362,0.985137933,0.997249948,1
62.90690349,62.8825281,92.44775788,92.43520584,25.16564206,0.464459109,0.984947288,0.998527582,1
28.62201853,28.62201853,61.82326838,61.82326838,37.85572832,0.676129934,0.983772408,0.995047806,1
20.95297042,20.95040483,50.51539021,50.51073825,16.23188185,0.722670737,0.99213197,0.996819242,1
34.58972937,34.58972937,62.95209795,62.95209795,24.23762855,0.585027365,0.982924304,0.996941984,1
35.5519408,35.55242204,69.14181814,69.14238867,35.05036565,0.618399146,0.977838268,0.996334127,1
39.12194347,39.10930068,71.75117676,71.73914241,26.90385835,0.586370444,0.978797209,0.997386669,1
30.50448724,30.50448724,64.27650315,64.27650315,37.38645737,0.66377829,0.982181214,0.995475404,1
29.95796372,29.94821313,65.65545095,65.64584464,29.62319238,0.681003185,0.984494061,0.996563463,1
61.56207821,61.56288724,85.76857958,85.76907019,46.21598509,0.430193281,0.970465437,0.996858744,1
74.26288685,74.30130924,100.9394406,100.9610873,61.35208761,0.41921114,0.980728386,0.996989971,1
24.00179089,24.00219314,60.78876119,60.78919103,55.58817326,0.743962042,0.988299042,0.99247853,1
13.07115826,13.07115826,47.15712361,47.15712361,50.63327354,0.860055869,0.99338367,0.988615567,1
33.48617652,33.48936714,69.35631276,69.36057004,40.25403174,0.650398078,0.985269753,0.995816108,1
6.011961251,6.010356107,32.7737129,32.77005391,17.48432978,0.935302658,0.997625731,0.991860161,1
18.26640496,18.26640496,53.09991735,53.09991735,36.35045321,0.79591201,0.988870459,0.993553973,1
9.047391319,9.032665439,42.76039586,42.72363813,34.94192777,0.914200968,0.99686778,0.990437148,1
17.94070589,17.94070589,58.6448238,58.6448238,39.85833121,0.835003127,0.994620841,0.994205316,1
16.58928716,16.58651699,59.34096426,59.3374704,43.29326566,0.859620891,0.997883514,0.993852387,1
20.49073816,20.49073816,56.91042921,56.91042921,40.58691653,0.779304719,0.991199128,0.99373426,1
9.086111947,9.078818303,41.65662751,41.63894215,45.8073961,0.908629806,0.996955864,0.98679561,1
47.5959354,47.60350117,82.01216901,82.01545534,33.30875675,0.553286149,0.981626632,0.997523983,1
49.7275281,49.7122076,83.51393856,83.50269421,25.41588188,0.537843551,0.980805663,0.998177743,1
35.876927,35.88552211,66.67555062,66.68307694,25.84669688,0.594982249,0.984009824,0.997093364,1
42.80699022,42.80136534,68.5916475,68.5866092,24.48640764,0.514821923,0.981208183,0.997397543,1
62.17089319,62.17190411,96.06976258,96.07019455,70.98181149,0.4956201,0.982377565,0.996154599,1
58.07992635,58.07323597,87.9659373,87.96288667,46.68574483,0.481803699,0.974964236,0.996983247,1
38.36732185,38.36732185,68.67738798,68.67738798,22.12314104,0.571106555,0.983040161,0.997654749,1
18.45268011,18.43736344,55.90737874,55.88473101,10.56766319,0.812635936,0.995906464,0.998308952,1
36.31345014,36.31345014,63.42894405,63.42894405,22.76232212,0.5669715,0.981385822,0.997171139,1
19.10799277,19.10786258,49.88658224,49.88639361,14.43709334,0.759468406,0.988716062,0.997099426,1
28.34465669,28.34465669,60.1192608,60.1192608,14.74914576,0.664565893,0.987844154,0.997959627,1
31.34102234,31.32123107,65.03766224,65.0161537,8.649153359,0.649698608,0.989542683,0.998977379,1
25.04372881,25.04372881,54.56066369,54.56066369,21.68961592,0.679395139,0.988522928,0.996356971,1
28.74992244,28.74416923,57.87195976,57.86427181,18.27086608,0.64049378,0.986466836,0.997271976,1
31.47445393,31.47445393,66.04988343,66.04988343,25.64728367,0.657347084,0.988582249,0.997060542,1
41.30215486,41.28733243,76.01572814,76.00297684,11.24297311,0.584803991,0.988274251,0.999027024,1
47.1267244,47.13555649,73.65277391,73.6607002,19.98343126,0.494674908,0.980534531,0.998158329,1
48.58397323,48.57044882,77.75777299,77.74701124,19.74059941,0.506467358,0.985137839,0.998367338,1
55.00174818,55.01976179,76.92836163,76.94010802,25.99523804,0.429113242,0.985419245,0.997804079,1
51.48618136,51.47372246,71.55203165,71.54295482,25.12046663,0.432703541,0.983223833,0.997546394,1
63.24669021,63.26218026,92.56057843,92.56922147,39.8297316,0.462609444,0.984825877,0.997675758,1
50.01323624,49.99771466,83.45244508,83.44018548,28.76174061,0.537227919,0.984459075,0.997934787,1
39.54364294,39.54430068,66.55424964,66.55477133,32.20776604,0.546770362,0.984647111,0.996364404,1
45.39109578,45.38988477,71.56105447,71.56022342,38.60481584,0.509251624,0.983616014,0.99623068,1
18.55128359,18.55128359,56.35973086,56.35973086,33.40831906,0.809112783,0.991633855,0.994741198,1
32.27391953,32.26488539,68.56427021,68.55575698,25.80816606,0.664612091,0.984948149,0.997254745,1
36.45774861,36.45774861,77.59625938,77.59625938,62.74351615,0.670505163,0.9907307,0.994789765,1
38.84108604,38.84108604,79.27941877,79.27941877,64.11530013,0.650019681,0.990892334,0.994899523,1
52.16941484,52.18066237,80.6640957,80.67149748,35.7714007,0.486438239,0.983281994,0.997251452,1
65.16426532,65.14661478,91.27189466,91.26436055,49.19895569,0.428710574,0.980845502,0.997046858,1
47.20584859,47.20584859,81.48967152,81.48967152,60.35784176,0.559403256,0.985305129,0.99545537,1
55.26260125,55.24702283,88.653394,88.64361908,44.9362815,0.516475377,0.983457696,0.997140955,1
8.223741005,8.231844168,39.54210321,39.56105109,41.29066979,0.917470062,0.996963274,0.986802554,1
31.97137591,31.97137591,67.51089504,67.51089504,35.17337184,0.664253568,0.988643925,0.996141342,1
39.77566037,39.79116373,73.21037541,73.22453253,28.38077187,0.591865864,0.97863534,0.997352974,1
7.337736299,7.337736299,38.33344364,38.33344364,37.67670401,0.929250816,0.997262625,0.987180023,1
28.01509208,28.02034632,69.29141626,69.29786365,38.65154006,0.731275715,0.99111212,0.99597527,1
26.7920205,26.7920205,66.81103772,66.81103772,53.86590058,0.736573341,0.989981015,0.993966247,1
61.79394714,61.77970871,77.15998282,77.15605704,21.31180962,0.366362281,0.981662823,0.998210121,1
54.84331825,54.86170811,75.46521277,75.47533362,12.89625741,0.420441399,0.985969258,0.998867946,1
46.50740805,46.49993116,75.23465105,75.22938868,21.9457402,0.516303408,0.976524754,0.998061289,1
32.76048542,32.76660302,65.83116394,65.83785133,21.61612401,0.63838736,0.982942963,0.99750633,1
36.21980791,36.230087,71.28385896,71.29562278,28.94446791,0.623532865,0.988228364,0.997152407,1
34.1204197,34.13298413,69.48361837,69.49675692,19.82213449,0.647327342,0.988449522,0.99794758,1
29.74818049,29.74584626,64.13061822,64.12888538,19.9780722,0.672099988,0.988929782,0.99757113,1
39.0336058,39.04052665,74.34880002,74.35438663,32.51782277,0.611882887,0.98527589,0.9970589,1
45.5681609,45.56576959,80.13556992,80.13353632,39.48058231,0.568304076,0.986498668,0.99692593,1
15.51349111,15.51349111,51.00111558,51.00111558,43.33076493,0.835626912,0.992358262,0.991670729,1
18.1505059,18.14099227,54.06601637,54.05134679,54.67648139,0.805092725,0.991952109,0.990645141,1
21.72186114,21.71576186,55.31110736,55.30334848,22.6067734,0.747502364,0.984181358,0.996304758,1
52.66900814,52.6789174,80.63343231,80.6395588,46.32084947,0.486249772,0.976260979,0.996438098,1
56.16198889,56.15042104,80.67670469,80.66880545,34.09898303,0.447900184,0.977103348,0.997380278,1
30.9977388,30.99399614,67.63540323,67.63128356,43.11853115,0.679577979,0.984944557,0.995286843,1
36.948631,36.94227501,71.61132182,71.60679819,27.32702531,0.623156035,0.986233402,0.99733544,1
42.19519155,42.21046806,78.48766643,78.50098408,38.97762516,0.595850468,0.98491423,0.996836963,1
15.97916817,15.96803017,52.36995676,52.35159395,23.54662912,0.831387466,0.99512957,0.995705841,1
19.39789517,19.41034837,59.25102692,59.27080303,8.358685059,0.813089184,0.995822958,0.998810011,1
11.84625145,11.85066783,45.05304702,45.06227876,50.89795337,0.871748194,0.994433491,0.987464776,1
14.57442927,14.58576392,49.72304465,49.74268244,38.89218439,0.845179708,0.993619434,0.99213788,1
11.45754414,11.44843772,44.16071503,44.13972111,50.02186371,0.875259764,0.994782511,0.987169025,1
15.4324686,15.42027307,54.51692136,54.49502238,44.68801314,0.854462879,0.99674502,0.992479152,1
8.374750087,8.374750087,38.73656923,38.73656923,27.36421104,0.911496204,0.995813725,0.990881768,1
16.5722553,16.56052486,54.93167424,54.91365686,38.11242649,0.836807601,0.993704626,0.993682749,1
5.351807855,5.351807855,31.66000584,31.66000584,24.49444084,0.944499477,0.996719816,0.987781566,1
16.56928702,16.56928702,53.33321172,53.33321172,29.04121614,0.830131024,0.988695733,0.994895075,1
58.00554395,58.00040304,89.88286707,89.88209337,46.82950822,0.496919475,0.981233596,0.997101727,1
2.560631467,2.567092098,23.08093561,23.10971832,6.142705131,0.975683162,0.999758884,0.994242684,1
30.20213181,30.20213181,67.75412089,67.75412089,33.03424902,0.693566418,0.979081509,0.996401985,1
54.44649456,54.46089595,90.01704137,90.02530319,45.45206342,0.535434513,0.987106352,0.997195654,1
22.18773381,22.17681292,57.78867918,57.77314664,15.26778893,0.752755072,0.991876272,0.997713522,1
34.33516653,34.33283372,71.27000186,71.26777435,41.21632661,0.655941315,0.976278992,0.99594268,1
22.73457789,22.74658495,61.56665896,61.58330679,20.15205051,0.769958957,0.992810735,0.99734251,1
29.66028059,29.65204634,64.99006984,64.9817971,41.21461855,0.682808402,0.989112459,0.995120435,1
10.07233185,10.07351499,39.2947068,39.29681698,22.7597731,0.878875725,0.993514795,0.992630358,1
23.82335827,23.81397141,64.17807276,64.16870362,61.36622294,0.770248739,0.995112635,0.992549452,1
21.65104929,21.65104929,63.43747766,63.43747766,68.38688904,0.800580422,0.995546244,0.991503285,1
14.76617128,14.77800252,49.12293873,49.14456224,32.54776055,0.83608251,0.991856587,0.993259018,1
14.27780682,14.26389165,53.03175831,53.00599459,26.91175438,0.868333176,0.997109946,0.995213289,1
10.44393889,10.4356675,41.87721271,41.85916905,29.27194982,0.884021798,0.994757521,0.99165075,1
21.83833323,21.82316429,62.22297832,62.20013296,29.46020016,0.784520387,0.992398832,0.996194143,1
33.6498916,33.6498916,70.25745666,70.25745666,38.51522366,0.65509195,0.985906699,0.996098626,1
15.62993391,15.62226171,50.39967963,50.38554715,23.6811485,0.82790271,0.992306187,0.995337334,1
9.476526097,9.489632022,43.70041121,43.72970792,30.70618809,0.91141347,0.998162298,0.991966233,1
31.23819688,31.24921501,67.36321277,67.3742324,19.44335913,0.673024197,0.988161081,0.997858001,1
51.53112953,51.53050644,79.31491527,79.31446105,45.22611279,0.491455452,0.975566215,0.996405388,1
65.40659118,65.41663704,86.22817545,86.23297576,52.03499199,0.399591085,0.972427412,0.996501017,1
43.96966534,43.97671772,74.51761444,74.52291514,32.25907261,0.542265244,0.979703986,0.997095495,1
16.48837607,16.48837607,51.93782651,51.93782651,33.88437804,0.822159235,0.992601914,0.993719388,1
69.13784976,69.14839098,53.9200932,53.91964374,0.154847476,0.040578248,0.952484378,0.999973389,1
23.16013646,23.14838157,58.24321961,58.23082552,32.78488467,0.744191132,0.992976248,0.995166725,1
1.318047291,1.313937543,15.94575655,15.92182874,8.610727888,0.986261928,0.999556148,0.983043272,1
36.70851226,36.70851226,73.44017689,73.44017689,26.88222032,0.635165265,0.988082914,0.997507887,1
10.01593827,10.01593827,44.06133196,44.06133196,20.83363843,0.903233507,0.996607698,0.99463438,1
2.528101892,2.5184093,21.20872703,21.16381389,13.65206858,0.971157242,0.997931049,0.984794778,1
35.92080596,35.90943971,74.80886647,74.79778858,30.84921165,0.656212157,0.98679853,0.997243432,1
17.67935143,17.66747903,58.94755267,58.92823359,44.8699496,0.840516841,0.995698324,0.993541504,1
28.08457487,28.08457487,70.83032094,70.83032094,63.51692379,0.743933915,0.992820542,0.993669747,1
16.71963881,16.72430246,49.52681811,49.53461918,13.62025077,0.802188855,0.99197766,0.997224104,1
32.70420806,32.70310097,66.0742816,66.07309357,26.39037473,0.64417384,0.983549754,0.996977555,1
20.6113827,20.59951291,58.722557,58.70624866,28.64006787,0.790305961,0.992705187,0.995846171,1
27.86020324,27.86874901,64.8772763,64.88842444,26.15499736,0.708262945,0.986501754,0.99689357,1
36.02098229,36.03471348,75.19324027,75.20644357,26.83690727,0.657090662,0.990271036,0.997627191,1
44.66143467,44.64813576,76.85480065,76.84498167,23.20478791,0.548504246,0.98971358,0.998035482,1
40.81103877,40.79976003,76.32548009,76.31585414,27.60329472,0.599554372,0.986728721,0.997630574,1
40.00032673,40.01682292,76.08546583,76.1006176,22.31499579,0.60918127,0.987627046,0.998073065,1
23.24588686,23.24865104,56.57304367,56.57739376,31.21110753,0.729001084,0.985787791,0.995124419,1
30.79655008,30.79170865,64.80835335,64.80265379,20.64058656,0.659448495,0.982632666,0.99754265,1
1.221167665,1.224912473,14.83176214,14.85894045,9.728180758,0.985868292,0.999267507,0.977930757,1
4.65931377,4.652936833,28.0583387,28.03632505,15.46348642,0.945492224,0.997757825,0.990171672,1
32.13744693,32.14384569,67.01425891,67.02057529,34.42008253,0.656568168,0.980751909,0.996168176,1
12.77030217,12.77430711,44.41706621,44.42595841,18.34512033,0.850848866,0.992287944,0.99535162,1
52.46490748,52.48042522,75.54965562,75.56091762,11.74420655,0.44646399,0.982617013,0.998971391,1
31.16125554,31.15263905,63.83721839,63.82755253,22.38973676,0.647162009,0.987473948,0.997252526,1
15.88105384,15.8723093,49.05119288,49.03642083,12.87406095,0.816003822,0.992720339,0.99732387,1
32.23683358,32.24894554,67.71843404,67.73083183,24.10365398,0.657055135,0.986067616,0.997372431,1
66.93714909,66.92244323,82.89883739,82.8911495,31.26727554,0.360628525,0.971269469,0.997724905,1
51.86282571,51.87877251,78.47662241,78.48783994,30.16941146,0.478459403,0.97887377,0.997551001,1
4.852001037,4.841439963,29.49315756,29.46011031,16.00562128,0.947148585,0.99841021,0.990790114,1
25.19576246,25.18878818,60.3847406,60.37449836,30.57779677,0.718648782,0.98720051,0.995806339,1
25.02502569,25.03278901,62.10572569,62.11610408,19.87591223,0.735704964,0.986922716,0.997423931,1
57.70210056,57.70730173,78.53997754,78.54309307,36.76737439,0.422164365,0.974583772,0.997019882,1
38.19913204,38.20973426,72.8116083,72.82216732,32.15447098,0.604572981,0.981158773,0.996967896,1
13.75516104,13.75331735,47.15274249,47.14929479,25.461988,0.846625676,0.991722364,0.994273624,1
39.63499173,39.62492256,71.87671775,71.86691644,35.07351273,0.578457682,0.978889604,0.99660508,1
29.69416263,29.69416263,64.69097827,64.69097827,18.7894496,0.678422175,0.986868453,0.997755102,1
51.18705701,51.18705701,74.57514753,74.57514753,42.82260851,0.46440769,0.975527254,0.996150052,1
35.50175019,35.51413574,74.60992868,74.62271261,28.04834222,0.657798973,0.987131058,0.997481136,1
47.44921109,47.44268875,81.37350539,81.36964561,61.4856507,0.54944743,0.976294094,0.995357008,1
36.68093033,36.68093033,74.49008451,74.49008451,67.5212811,0.641454687,0.981167357,0.993915656,1
14.73690901,14.73549602,52.02975877,52.02739661,35.3617781,0.854989104,0.993138605,0.993468392,1
17.47142928,17.47142928,54.90504181,54.90504181,37.68099275,0.822428255,0.994124967,0.993750175,1
37.33890528,37.33010713,72.04460983,72.03590312,41.71929827,0.614273407,0.982940089,0.995980659,1
22.45257814,22.45257814,60.08321203,60.08321203,40.12435923,0.766545953,0.99034628,0.994442598,1
36.20734189,36.22184658,72.00218705,72.01679672,26.19564331,0.630653893,0.985566406,0.997474121,1
22.31336091,22.30988762,57.2270994,57.22172756,16.40577208,0.749015362,0.98737428,0.997495028,1
13.74986509,13.73851978,50.3175579,50.29785141,25.97442597,0.865016819,0.996539664,0.994868571,1
32.93884883,32.92792135,69.79227913,69.78173001,21.4933317,0.663507495,0.985053172,0.997793419,1
8.220573773,8.215482461,37.29000174,37.27664839,31.55593149,0.907694094,0.995503028,0.988649397,1
14.50426757,14.50426757,49.92852593,49.92852593,34.92093959,0.847883391,0.992732022,0.992995802,1
22.34689975,22.34689975,57.43641591,57.43641591,30.09138868,0.749894994,0.986254551,0.995439236,1
49.70401811,49.69874775,81.85862489,81.85481977,52.17059656,0.526400522,0.973811941,0.996106979,1
15.08047698,15.08047698,49.60055322,49.60055322,33.06151869,0.835330764,0.991259818,0.993280766,1
63.31068677,63.32139613,93.03597461,93.04222759,20.67859656,0.449906192,0.988309388,0.998805581,1
42.34039183,42.34039183,75.18418893,75.18418893,40.80192138,0.574060374,0.972911315,0.996390911,1
16.64334983,16.63445902,51.95157168,51.936514,21.61414657,0.818790102,0.99175911,0.995994742,1
63.56652303,63.56132939,93.40195385,93.3991265,23.43458343,0.454079128,0.98939901,0.99865684,1
37.05764839,37.04894595,67.16058051,67.15216416,22.68719321,0.58111842,0.989463922,0.997484794,1
33.43124134,33.43475216,62.02616993,62.03032193,28.20190897,0.595968612,0.987089449,0.996335042,1
39.73787127,39.74576221,71.63213301,71.63946744,32.33248567,0.579553372,0.990389554,0.996849733,1
1.771169876,1.771169876,18.74608605,18.74608605,18.08622348,0.981834333,0.999006912,0.974266629,1
44.80111868,44.79087046,73.87792801,73.86997032,20.76771475,0.528865443,0.986925594,0.99809729,1
6.890248221,6.890248221,36.04955372,36.04955372,15.72761175,0.92999257,0.995967304,0.993948919,1
0.068575736,0.068641806,3.481708013,3.48333608,1.600756203,0.999158001,0.99990534,0.934005651,1
7.963431621,7.963431621,33.75825118,33.75825118,13.07047644,0.896286761,0.993841537,0.994265421,1
1.749186382,1.74927991,16.12282297,16.12351799,6.942585449,0.976446037,0.998641353,0.986646647,1
102.5376869,102.5475668,91.17187763,91.1712237,48.57937195,0.197569332,0.975272265,0.997077851,1
103.0759793,103.0636218,94.4415699,94.44159895,48.15240705,0.208797517,0.979979989,0.997300644,1
3.562516875,3.562516875,26.47117257,26.47117257,35.25011167,0.963376614,0.997534561,0.974847327,1
51.93980482,51.94961473,83.90557294,83.91213602,19.3584635,0.508118685,0.988383438,0.998625255,1
56.84712632,56.83663998,82.06084607,82.05466293,15.76910896,0.43347128,0.987022028,0.998829062,1
43.1325377,43.12577948,71.09428965,71.0884424,22.03555415,0.530803202,0.985772986,0.997819989,1
36.76725313,36.76725313,66.4521035,66.4521035,23.28573947,0.582881499,0.987961263,0.99736341,1
30.32517971,30.33211151,74.4744649,74.48154316,76.02810765,0.731100696,0.992751872,0.993146892,0
39.05262358,39.03033066,77.27803123,77.25601045,37.51942478,0.627408226,0.985252727,0.996857853,0
38.28204807,38.29422595,85.12778686,85.13840683,65.92038319,0.69178799,0.99537769,0.995452307,0
35.38039099,35.39085088,70.08126952,70.09299391,18.84967642,0.626068375,0.982587342,0.998081368,0
55.48453844,55.47624343,83.61489247,83.60901483,40.60583736,0.47551211,0.978875594,0.997095839,0
32.13955733,32.12235703,70.04560693,70.02962277,44.28169382,0.680843976,0.987772867,0.995486368,0
63.15859449,63.15262454,84.56036781,84.55896174,30.84378978,0.406066667,0.971950283,0.997843196,0
35.57363341,35.56478289,66.70092798,66.69349363,14.73271377,0.601351945,0.984812111,0.998344102,0
1.30468342,1.30468342,16.46108193,16.46108193,18.00200794,0.987102885,0.999294682,0.966781945,0
45.14607704,45.14607704,77.3923018,77.3923018,35.85912266,0.551591433,0.980927593,0.997006535,0
19.02926488,19.02926488,58.38735938,58.38735938,50.46556466,0.811472087,0.994272265,0.992598368,0
35.45243904,35.45232069,77.48105392,77.48098112,55.95715292,0.678631675,0.985572401,0.995339473,0
11.98190527,11.98663731,40.33353757,40.34402913,11.57660124,0.841176145,0.994606209,0.996442864,0
12.2224298,12.2224298,45.75247186,45.75247186,18.60048102,0.87048583,0.996781313,0.995557115,0
34.53073798,34.51919955,67.29015146,67.27922352,18.56234907,0.623691369,0.984998987,0.99794995,0
57.76471753,57.77414973,90.38195466,90.38851536,66.97508433,0.499313155,0.981718712,0.99590091,0
52.28477078,52.31112859,83.47207584,83.4939027,56.75221825,0.514904353,0.981835413,0.995928561,0
36.04450191,36.04450191,73.37633379,73.37633379,44.26043123,0.64098952,0.984181097,0.995889699,0
45.07177689,45.09251002,79.22923167,79.24476003,32.19437788,0.563902508,0.985362762,0.997436195,0
37.36805137,37.36805137,79.75127552,79.75127552,68.24014836,0.671375631,0.990425167,0.994635433,0
55.55384651,55.53788421,80.09521236,80.08500086,27.03460568,0.4525686,0.985211006,0.997892699,0
23.06815,23.05045814,57.56265964,57.5428992,25.56878649,0.741007636,0.993458717,0.99614046,0
37.56069181,37.56543624,73.81653818,73.81863369,24.74043561,0.624388706,0.986278015,0.997729836,0
63.15743744,63.16652546,88.02390786,88.02490066,26.58421812,0.431391378,0.980017016,0.998284517,0
33.02326193,33.0168513,66.20083249,66.19442827,26.55222993,0.638339554,0.983124655,0.996970404,0
43.90533145,43.9170734,71.74244659,71.75396578,27.99683483,0.516100005,0.986075851,0.997280728,0
41.53345076,41.57145797,89.70025292,89.73856691,36.21951471,0.683337472,0.996547604,0.997750402,0
18.15440575,18.14991252,53.90591636,53.89801665,30.66943619,0.803031756,0.988831933,0.994722048,0
39.16308006,39.17725616,72.54716311,72.55809739,18.79088245,0.591358839,0.989862791,0.998215143,0
35.02244895,35.01244105,70.68488311,70.67516578,44.47141865,0.639467486,0.978561421,0.995549019,0
15.90765764,15.90548033,48.26538354,48.26092934,17.87124309,0.811453897,0.990997984,0.996163875,0
21.03994218,21.03007604,59.61650077,59.60293499,38.29592908,0.786879555,0.992417635,0.994611284,0
33.11280495,33.10214168,73.86413697,73.85397559,60.93961999,0.691391381,0.988146171,0.994414518,0
52.15750739,52.14342185,78.03730299,78.02992842,19.16677637,0.477802804,0.98116536,0.998426199,0
30.56176277,30.54499197,72.61504615,72.59629914,23.8889761,0.719062937,0.992077939,0.997734235,0
54.00958288,54.02020696,83.55751546,83.56526572,39.93193866,0.49583888,0.983422877,0.997140585,0
10.52445313,10.51045078,45.26777574,45.23819391,11.90495325,0.8999347,0.998971712,0.997093541,0
38.13274057,38.12852218,71.41724438,71.41294984,35.77145351,0.598640694,0.983579461,0.996493078,0
25.84290933,25.8531991,60.53431195,60.54750085,38.78041302,0.706219076,0.98476429,0.994709686,0
45.22438269,45.22438269,82.98123006,82.98123006,67.65688265,0.580266111,0.985582284,0.995087277,0
18.11208293,18.10474887,54.07781912,54.06850823,47.08690072,0.805882074,0.992588033,0.991947972,0
33.34680099,33.34680099,68.29249959,68.29249959,36.1963665,0.646741486,0.984966392,0.996119489,0
20.51512681,20.51512681,61.27973854,61.27973854,35.13212193,0.807091772,0.994414666,0.995322212,0
24.78267316,24.78267316,59.68913313,59.68913313,21.71770994,0.721722218,0.987447926,0.996952151,0
34.49029441,34.47911188,70.91626334,70.90525021,28.7510851,0.647718563,0.988127,0.997141118,0
24.7662575,24.7662575,63.79407841,63.79407841,38.92143356,0.751915917,0.987450507,0.995218126,0
52.11521969,52.10991994,81.38694275,81.38374199,41.27127086,0.49988351,0.971064959,0.996884519,0
55.38373822,55.3798837,75.37659021,75.37555544,48.79253673,0.418243053,0.974182937,0.995706057,0
34.92803477,34.91559877,67.09587436,67.08039379,16.1474159,0.606697414,0.988351491,0.998206212,0
45.31895706,45.32652943,73.84702442,73.8533382,22.79221576,0.524331826,0.985942691,0.997910456,0
3.908166667,3.908166667,27.32524387,27.32524387,8.43638642,0.959846375,0.997782634,0.994350651,0
3.111901327,3.111901327,22.6903756,22.6903756,11.45388084,0.962740102,0.997160628,0.988876555,0
